CustomerID,recency_days,frequency,monetary,total_items,first_purchase,last_purchase,r_score,f_score,m_score,segment
17450,18,6,10496.0,37,2011-03-24T18:34:00.000Z,2011-11-21T14:21:00.000Z,2,1,1,Lost
14911,4,85,4364.0,89,2010-12-01T14:05:00.000Z,2011-12-05T10:18:00.000Z,1,1,1,Lost
15581,120,2,2750.0,2,2011-08-01T11:44:00.000Z,2011-08-11T09:38:00.000Z,4,2,1,New
12471,2,21,2400.0,21,2010-12-10T09:48:00.000Z,2011-12-07T15:43:00.000Z,1,1,1,Lost
14607,17,4,2120.0,4,2011-10-24T09:52:00.000Z,2011-11-22T09:34:00.000Z,2,1,1,Lost
12540,19,17,1820.0,17,2010-12-13T09:39:00.000Z,2011-11-20T11:31:00.000Z,2,1,1,Lost
12748,1,9,1788.0,13,2010-12-05T16:41:00.000Z,2011-12-08T17:37:00.000Z,1,1,1,Lost
15482,15,7,1646.0,21,2010-12-16T10:08:00.000Z,2011-11-24T10:46:00.000Z,1,1,1,Lost
14646,17,18,1458.0,19,2010-12-20T10:09:00.000Z,2011-11-22T13:47:00.000Z,2,1,1,Lost
12681,14,22,1422.0,22,2010-12-07T10:08:00.000Z,2011-11-25T11:33:00.000Z,1,1,1,Lost
12678,42,9,1297.0,9,2010-12-21T11:00:00.000Z,2011-10-28T07:39:00.000Z,3,1,1,Others
12621,1,18,1278.0,18,2010-12-09T10:16:00.000Z,2011-12-08T11:25:00.000Z,1,1,1,Lost
12682,3,29,1260.0,29,2010-12-03T13:59:00.000Z,2011-12-06T10:00:00.000Z,1,1,1,Lost
12359,57,3,1250.0,7,2011-01-12T12:43:00.000Z,2011-10-13T12:47:00.000Z,3,2,1,Others
17500,17,3,1105.0,3,2011-11-10T09:08:00.000Z,2011-11-22T14:25:00.000Z,2,1,1,Lost
12428,25,6,1000.0,6,2011-03-20T15:46:00.000Z,2011-11-14T08:22:00.000Z,2,1,1,Lost
12569,2,31,972.0,31,2011-04-01T13:47:00.000Z,2011-12-07T16:24:00.000Z,1,1,1,Lost
12444,21,4,920.0,4,2011-08-10T08:41:00.000Z,2011-11-18T13:23:00.000Z,2,1,1,Lost
12476,15,9,918.0,9,2011-01-31T11:46:00.000Z,2011-11-24T12:40:00.000Z,1,1,1,Lost
13983,39,3,870.0,3,2011-02-07T12:46:00.000Z,2011-10-31T12:05:00.000Z,2,2,1,Lost
12683,4,13,864.0,13,2010-12-09T10:37:00.000Z,2011-12-05T16:31:00.000Z,1,1,1,Lost
12432,170,2,830.0,2,2011-06-20T13:27:00.000Z,2011-06-22T13:12:00.000Z,4,2,1,New
12567,22,8,792.0,8,2010-12-05T11:57:00.000Z,2011-11-17T11:02:00.000Z,2,1,1,Lost
13505,72,4,760.0,4,2011-04-21T12:07:00.000Z,2011-09-28T11:56:00.000Z,3,1,1,Others
14973,107,2,750.0,3,2011-04-28T12:22:00.000Z,2011-08-24T15:51:00.000Z,4,2,1,New
12502,95,5,728.0,5,2011-02-03T10:41:00.000Z,2011-09-05T11:52:00.000Z,4,1,1,New
14156,9,14,675.0,14,2011-03-10T10:32:00.000Z,2011-11-30T10:54:00.000Z,1,1,1,Lost
12720,2,12,666.0,12,2010-12-05T15:21:00.000Z,2011-12-07T08:03:00.000Z,1,1,1,Lost
12626,23,9,666.0,9,2011-01-17T11:01:00.000Z,2011-11-16T16:06:00.000Z,2,1,1,Lost
14711,91,4,655.0,5,2011-04-21T12:00:00.000Z,2011-09-09T13:42:00.000Z,3,1,1,Others
17828,22,3,655.0,3,2011-06-08T08:31:00.000Z,2011-11-17T08:41:00.000Z,2,1,1,Lost
13520,58,6,640.0,6,2010-12-03T10:36:00.000Z,2011-10-12T10:20:00.000Z,3,1,1,Others
12474,17,16,630.0,16,2011-01-14T10:06:00.000Z,2011-11-22T14:39:00.000Z,2,1,1,Lost
12668,11,4,630.0,4,2010-12-19T12:46:00.000Z,2011-11-28T10:56:00.000Z,1,1,1,Lost
12704,7,8,623.0,11,2011-06-23T10:20:00.000Z,2011-12-02T13:15:00.000Z,1,1,1,Lost
12597,19,4,616.0,4,2011-03-16T14:00:00.000Z,2011-11-20T13:33:00.000Z,2,1,1,Lost
12456,44,3,600.0,3,2011-03-30T09:12:00.000Z,2011-10-26T14:41:00.000Z,3,2,1,Others
15299,164,1,600.0,1,2011-06-28T17:01:00.000Z,2011-06-28T17:01:00.000Z,4,4,1,Champions
13452,259,2,590.0,2,2011-03-14T11:38:00.000Z,2011-03-25T14:19:00.000Z,5,2,1,New
12484,32,4,588.0,4,2011-01-07T14:04:00.000Z,2011-11-07T11:37:00.000Z,2,1,1,Lost
12583,2,15,576.0,15,2010-12-01T08:45:00.000Z,2011-12-07T08:07:00.000Z,1,1,1,Lost
12647,22,12,576.0,12,2010-12-05T14:02:00.000Z,2011-11-17T12:56:00.000Z,2,1,1,Lost
12481,22,8,576.0,8,2010-12-09T10:13:00.000Z,2011-11-17T08:29:00.000Z,2,1,1,Lost
12483,17,7,574.0,7,2011-01-04T14:20:00.000Z,2011-11-22T17:02:00.000Z,1,1,1,Lost
12490,5,10,558.0,10,2011-01-14T09:13:00.000Z,2011-12-04T16:07:00.000Z,1,1,1,Lost
17406,333,2,545.0,2,2011-01-10T14:57:00.000Z,2011-01-10T15:07:00.000Z,5,2,1,New
16607,357,2,545.0,2,2010-12-16T08:41:00.000Z,2010-12-17T15:15:00.000Z,5,2,1,New
12524,9,8,540.0,8,2011-01-10T10:35:00.000Z,2011-11-30T15:31:00.000Z,1,1,1,Lost
12727,10,7,540.0,7,2011-01-23T15:17:00.000Z,2011-11-29T11:46:00.000Z,1,1,1,Lost
12766,3,4,532.0,4,2010-12-08T13:53:00.000Z,2011-12-06T08:46:00.000Z,1,1,1,Lost
16949,40,3,525.0,3,2011-05-05T12:24:00.000Z,2011-10-30T11:55:00.000Z,3,2,1,Others
12590,211,1,523.0,1,2011-05-12T14:52:00.000Z,2011-05-12T14:52:00.000Z,4,5,1,Champions
12437,1,15,504.0,15,2011-01-12T14:13:00.000Z,2011-12-08T11:35:00.000Z,1,1,1,Lost
12472,32,7,504.0,7,2010-12-05T14:19:00.000Z,2011-11-07T14:01:00.000Z,2,1,1,Lost
17690,187,2,500.0,3,2011-01-17T12:31:00.000Z,2011-06-05T10:47:00.000Z,4,2,1,New
16316,277,1,500.0,2,2011-03-07T11:56:00.000Z,2011-03-07T11:56:00.000Z,5,5,1,Champions
15727,359,1,500.0,2,2010-12-15T15:47:00.000Z,2010-12-15T15:47:00.000Z,5,5,1,Champions
16003,359,1,500.0,2,2010-12-15T12:09:00.000Z,2010-12-15T12:09:00.000Z,5,5,1,Champions
15159,361,1,500.0,2,2010-12-13T15:44:00.000Z,2010-12-13T15:44:00.000Z,5,5,1,Champions
12712,28,13,493.0,14,2010-12-03T14:30:00.000Z,2011-11-11T08:19:00.000Z,2,1,1,Lost
12664,8,9,490.0,9,2011-01-21T11:42:00.000Z,2011-12-01T17:07:00.000Z,1,1,1,Lost
12362,3,10,489.0,10,2011-02-17T10:30:00.000Z,2011-12-06T15:40:00.000Z,1,1,1,Lost
12705,15,6,486.0,6,2010-12-17T15:58:00.000Z,2011-11-24T13:17:00.000Z,1,1,1,Lost
17949,99,1,480.0,1,2011-09-01T11:56:00.000Z,2011-09-01T11:56:00.000Z,4,4,1,Champions
12449,22,4,471.0,4,2011-06-05T15:37:00.000Z,2011-11-17T13:46:00.000Z,2,1,1,Lost
12909,201,2,455.0,2,2011-03-31T13:13:00.000Z,2011-05-22T11:52:00.000Z,4,2,1,New
14030,366,1,455.0,2,2010-12-08T16:11:00.000Z,2010-12-08T16:11:00.000Z,5,5,1,Champions
13631,143,5,440.0,5,2011-03-17T17:13:00.000Z,2011-07-19T15:49:00.000Z,4,1,1,New
12438,14,2,440.0,2,2011-07-22T13:29:00.000Z,2011-11-25T13:28:00.000Z,1,2,1,Lost
15524,24,1,440.0,1,2011-11-15T12:09:00.000Z,2011-11-15T12:09:00.000Z,2,3,1,Others
18233,325,1,440.0,1,2011-01-18T08:44:00.000Z,2011-01-18T08:44:00.000Z,5,5,1,Champions
12656,17,5,432.0,5,2011-04-20T09:20:00.000Z,2011-11-22T13:42:00.000Z,2,1,1,Lost
12417,3,9,423.0,9,2010-12-17T11:51:00.000Z,2011-12-06T14:52:00.000Z,1,1,1,Lost
12553,8,9,414.0,9,2011-01-14T10:42:00.000Z,2011-12-01T16:38:00.000Z,1,1,1,Lost
12714,9,5,414.0,5,2011-02-18T10:53:00.000Z,2011-11-30T15:43:00.000Z,1,1,1,Lost
12700,7,4,414.0,4,2011-05-08T16:10:00.000Z,2011-12-02T10:47:00.000Z,1,1,1,Lost
12562,8,7,396.0,7,2011-05-25T12:44:00.000Z,2011-12-01T17:20:00.000Z,1,1,1,Lost
12627,10,6,396.0,6,2011-07-22T13:59:00.000Z,2011-11-29T12:07:00.000Z,1,1,1,Lost
12480,28,4,396.0,4,2011-01-07T15:27:00.000Z,2011-11-11T14:52:00.000Z,2,1,1,Lost
14931,22,3,393.0,3,2011-04-13T09:32:00.000Z,2011-11-17T09:25:00.000Z,2,1,1,Lost
12782,4,5,392.0,5,2010-12-17T11:30:00.000Z,2011-12-05T09:16:00.000Z,1,1,1,Lost
12578,21,2,392.0,2,2011-01-13T15:34:00.000Z,2011-11-18T13:30:00.000Z,2,2,1,Lost
14195,252,1,392.0,1,2011-04-01T16:50:00.000Z,2011-04-01T16:50:00.000Z,5,5,1,Champions
17581,213,2,390.0,2,2011-05-10T11:48:00.000Z,2011-05-10T13:40:00.000Z,4,2,1,New
15874,256,2,375.0,3,2011-02-28T13:28:00.000Z,2011-03-28T14:19:00.000Z,5,2,1,New
12381,4,4,366.0,4,2011-08-12T09:57:00.000Z,2011-12-05T12:44:00.000Z,1,1,1,Lost
12429,172,3,362.0,3,2010-12-09T12:05:00.000Z,2011-06-20T12:14:00.000Z,4,2,1,New
12348,75,4,360.0,4,2010-12-16T19:09:00.000Z,2011-09-25T13:13:00.000Z,3,1,1,Others
13815,23,3,360.0,3,2011-01-25T12:16:00.000Z,2011-11-16T13:54:00.000Z,2,1,1,Lost
12360,52,3,360.0,3,2011-05-23T09:43:00.000Z,2011-10-18T15:22:00.000Z,3,2,1,Others
12371,44,1,360.0,1,2011-10-26T10:16:00.000Z,2011-10-26T10:16:00.000Z,3,3,1,Potential
12818,261,1,360.0,1,2011-03-23T12:06:00.000Z,2011-03-23T12:06:00.000Z,5,5,1,Champions
12610,22,4,352.0,4,2011-08-05T13:52:00.000Z,2011-11-17T09:34:00.000Z,2,1,1,Lost
12415,252,1,350.0,1,2011-04-01T14:28:00.000Z,2011-04-01T14:28:00.000Z,5,5,1,Champions
16873,364,1,350.0,1,2010-12-10T15:45:00.000Z,2010-12-10T15:45:00.000Z,5,5,1,Champions
12395,19,12,336.0,12,2010-12-03T16:35:00.000Z,2011-11-20T15:21:00.000Z,2,1,1,Lost
13523,199,1,330.0,2,2011-05-24T08:49:00.000Z,2011-05-24T08:49:00.000Z,4,5,1,Champions
14088,322,1,330.0,1,2011-01-21T13:07:00.000Z,2011-01-21T13:07:00.000Z,5,5,1,Champions
12356,325,1,324.0,1,2011-01-18T09:50:00.000Z,2011-01-18T09:50:00.000Z,5,5,1,Champions
12457,85,3,320.0,3,2011-04-14T18:57:00.000Z,2011-09-15T14:25:00.000Z,3,2,1,Others
12405,148,1,320.0,1,2011-07-14T08:52:00.000Z,2011-07-14T08:52:00.000Z,4,4,1,Champions
12744,56,2,315.0,2,2011-01-25T13:26:00.000Z,2011-10-14T14:54:00.000Z,3,2,1,Others
12783,2,4,308.0,4,2011-09-25T15:35:00.000Z,2011-12-07T15:56:00.000Z,1,1,1,Lost
12662,0,10,306.0,10,2010-12-01T13:04:00.000Z,2011-12-09T11:59:00.000Z,1,1,1,Lost
12619,16,7,306.0,7,2011-04-19T14:02:00.000Z,2011-11-23T14:52:00.000Z,1,1,1,Lost
12709,43,5,306.0,5,2010-12-08T09:49:00.000Z,2011-10-27T17:00:00.000Z,3,1,1,Others
12643,128,6,303.0,6,2011-01-11T11:48:00.000Z,2011-08-03T12:56:00.000Z,4,1,1,New
12349,18,1,300.0,1,2011-11-21T09:51:00.000Z,2011-11-21T09:51:00.000Z,2,3,1,Others
12380,21,4,297.0,4,2011-06-07T09:49:00.000Z,2011-11-18T11:27:00.000Z,2,1,1,Lost
13015,197,1,295.0,1,2011-05-26T16:25:00.000Z,2011-05-26T16:25:00.000Z,4,5,1,Champions
14842,308,1,295.0,1,2011-02-04T15:32:00.000Z,2011-02-04T15:32:00.000Z,5,5,1,Champions
13145,372,1,295.0,1,2010-12-02T18:06:00.000Z,2010-12-02T18:06:00.000Z,5,5,1,Champions
15269,23,1,290.0,1,2011-11-16T09:32:00.000Z,2011-11-16T09:32:00.000Z,2,3,1,Others
16240,77,1,290.0,1,2011-09-23T13:44:00.000Z,2011-09-23T13:44:00.000Z,3,4,1,Potential
13344,277,1,290.0,1,2011-03-07T10:28:00.000Z,2011-03-07T10:28:00.000Z,5,5,1,Champions
17139,288,1,290.0,2,2011-02-24T09:32:00.000Z,2011-02-24T09:32:00.000Z,5,5,1,Champions
15270,301,1,290.0,1,2011-02-11T11:36:00.000Z,2011-02-11T11:36:00.000Z,5,5,1,Champions
12600,28,10,288.0,10,2010-12-03T12:57:00.000Z,2011-11-11T10:29:00.000Z,2,1,1,Lost
12528,9,6,288.0,6,2011-01-31T09:05:00.000Z,2011-11-30T14:40:00.000Z,1,1,1,Lost
12685,28,6,288.0,6,2011-09-07T10:28:00.000Z,2011-11-11T13:46:00.000Z,2,1,1,Lost
12520,79,5,288.0,5,2011-03-11T11:35:00.000Z,2011-09-21T15:23:00.000Z,3,1,1,Others
12473,53,3,288.0,3,2011-06-01T10:15:00.000Z,2011-10-17T11:27:00.000Z,3,2,1,Others
12352,36,5,280.0,5,2011-03-01T14:57:00.000Z,2011-11-03T14:37:00.000Z,2,1,1,Lost
12708,29,10,270.0,10,2010-12-06T10:43:00.000Z,2011-11-10T09:52:00.000Z,2,1,1,Lost
12721,31,6,270.0,6,2010-12-20T11:38:00.000Z,2011-11-08T12:13:00.000Z,2,1,1,Lost
12408,32,4,270.0,4,2011-03-24T14:46:00.000Z,2011-11-07T12:27:00.000Z,2,1,1,Lost
16133,28,3,270.0,3,2011-05-03T10:42:00.000Z,2011-11-11T15:13:00.000Z,2,1,1,Lost
12625,211,2,270.0,2,2011-01-24T13:27:00.000Z,2011-05-12T09:54:00.000Z,4,2,2,New
16714,218,2,265.0,2,2011-01-26T13:40:00.000Z,2011-05-05T11:09:00.000Z,4,2,2,New
12464,10,7,255.0,7,2011-02-03T13:30:00.000Z,2011-11-29T13:33:00.000Z,1,1,2,Lost
13969,127,2,255.0,2,2011-07-21T09:43:00.000Z,2011-08-04T16:31:00.000Z,4,2,2,New
12688,113,1,255.0,2,2011-08-18T08:49:00.000Z,2011-08-18T08:49:00.000Z,4,4,2,Champions
12670,10,5,252.0,5,2011-04-21T10:16:00.000Z,2011-11-29T15:23:00.000Z,1,1,2,Lost
12613,57,4,252.0,4,2011-03-22T15:42:00.000Z,2011-10-13T14:59:00.000Z,3,1,2,Others
12462,18,2,252.0,2,2011-02-09T14:44:00.000Z,2011-11-21T09:11:00.000Z,2,2,2,Lost
12507,134,2,252.0,2,2011-02-14T09:24:00.000Z,2011-07-28T17:09:00.000Z,4,2,2,New
17857,45,1,250.0,1,2011-10-25T14:23:00.000Z,2011-10-25T14:23:00.000Z,3,3,2,Potential
17603,78,1,250.0,1,2011-09-22T14:18:00.000Z,2011-09-22T14:18:00.000Z,3,4,2,Potential
13563,84,1,250.0,2,2011-09-16T14:45:00.000Z,2011-09-16T14:45:00.000Z,3,4,2,Potential
15023,159,1,250.0,1,2011-07-03T13:05:00.000Z,2011-07-03T13:05:00.000Z,4,4,2,Champions
15804,170,1,250.0,1,2011-06-22T10:28:00.000Z,2011-06-22T10:28:00.000Z,4,4,2,Champions
15825,172,1,250.0,1,2011-06-20T13:27:00.000Z,2011-06-20T13:27:00.000Z,4,4,2,Champions
14816,197,1,250.0,2,2011-05-26T13:16:00.000Z,2011-05-26T13:16:00.000Z,4,5,2,Champions
15768,225,1,250.0,1,2011-04-28T09:20:00.000Z,2011-04-28T09:20:00.000Z,5,5,2,Champions
15065,227,1,250.0,1,2011-04-26T11:34:00.000Z,2011-04-26T11:34:00.000Z,5,5,2,Champions
16359,243,1,250.0,2,2011-04-10T11:33:00.000Z,2011-04-10T11:33:00.000Z,5,5,2,Champions
15521,248,1,250.0,1,2011-04-05T08:25:00.000Z,2011-04-05T08:25:00.000Z,5,5,2,Champions
17049,275,1,250.0,1,2011-03-09T08:33:00.000Z,2011-03-09T08:33:00.000Z,5,5,2,Champions
15834,277,1,250.0,2,2011-03-07T17:55:00.000Z,2011-03-07T17:55:00.000Z,5,5,2,Champions
13476,281,1,250.0,2,2011-03-03T14:43:00.000Z,2011-03-03T14:43:00.000Z,5,5,2,Champions
17082,318,1,250.0,1,2011-01-25T14:36:00.000Z,2011-01-25T14:36:00.000Z,5,5,2,Champions
15510,330,1,250.0,1,2011-01-13T12:10:00.000Z,2011-01-13T12:10:00.000Z,5,5,2,Champions
16143,354,1,250.0,1,2010-12-20T12:51:00.000Z,2010-12-20T12:51:00.000Z,5,5,2,Champions
13418,359,1,250.0,1,2010-12-15T13:49:00.000Z,2010-12-15T13:49:00.000Z,5,5,2,Champions
12676,24,6,240.0,6,2011-02-01T15:41:00.000Z,2011-11-15T12:25:00.000Z,2,1,2,Lost
12358,1,2,240.0,2,2011-07-12T10:04:00.000Z,2011-12-08T10:26:00.000Z,1,2,2,Lost
12630,9,2,240.0,2,2011-10-27T10:41:00.000Z,2011-11-30T10:48:00.000Z,1,2,2,Lost
14606,123,4,235.0,4,2011-02-18T13:26:00.000Z,2011-08-08T13:11:00.000Z,4,1,2,New
12633,58,4,234.0,4,2011-02-25T08:44:00.000Z,2011-10-12T11:40:00.000Z,3,1,2,Others
12423,0,8,225.0,8,2010-12-21T10:54:00.000Z,2011-12-09T10:10:00.000Z,1,1,2,Lost
12383,184,5,222.0,5,2010-12-22T14:28:00.000Z,2011-06-08T08:02:00.000Z,4,1,2,New
16278,100,1,220.0,1,2011-08-31T17:12:00.000Z,2011-08-31T17:12:00.000Z,4,4,2,Champions
12518,0,5,216.0,5,2011-08-21T13:18:00.000Z,2011-12-09T10:13:00.000Z,1,1,2,Lost
12598,28,5,216.0,5,2011-02-28T11:58:00.000Z,2011-11-11T12:07:00.000Z,2,1,2,Lost
12657,11,3,216.0,3,2011-09-22T11:40:00.000Z,2011-11-28T15:47:00.000Z,1,1,2,Lost
12560,5,2,216.0,2,2011-08-19T15:22:00.000Z,2011-12-04T13:54:00.000Z,1,2,2,Lost
12585,234,2,216.0,2,2010-12-23T12:58:00.000Z,2011-04-19T13:39:00.000Z,5,2,2,New
12684,7,7,210.0,7,2011-05-10T12:55:00.000Z,2011-12-02T09:53:00.000Z,1,1,2,Lost
12500,23,10,201.0,10,2011-01-10T09:48:00.000Z,2011-11-16T16:20:00.000Z,2,1,2,Lost
12407,49,5,201.0,5,2011-03-20T13:21:00.000Z,2011-10-21T10:11:00.000Z,3,1,2,Others
12697,28,3,200.0,3,2011-06-23T15:44:00.000Z,2011-11-11T08:47:00.000Z,2,2,2,Lost
12815,147,2,200.0,2,2011-05-25T13:34:00.000Z,2011-07-15T10:21:00.000Z,4,2,2,New
12717,151,2,200.0,2,2011-04-08T10:32:00.000Z,2011-07-11T14:47:00.000Z,4,2,2,New
12398,45,1,200.0,1,2011-10-25T10:27:00.000Z,2011-10-25T10:27:00.000Z,3,3,2,Potential
12461,94,1,200.0,1,2011-09-06T16:57:00.000Z,2011-09-06T16:57:00.000Z,4,4,2,Champions
12726,28,7,198.0,7,2010-12-17T12:56:00.000Z,2011-11-11T13:35:00.000Z,2,1,2,Lost
12615,2,4,198.0,4,2011-06-24T13:35:00.000Z,2011-12-07T15:02:00.000Z,1,1,2,Lost
13813,39,4,198.0,4,2011-07-28T10:33:00.000Z,2011-10-31T10:38:00.000Z,2,1,2,Lost
12637,67,3,198.0,3,2011-01-20T10:48:00.000Z,2011-10-03T13:46:00.000Z,3,2,2,Others
12762,7,2,196.0,2,2011-11-14T14:23:00.000Z,2011-12-02T10:23:00.000Z,1,2,2,Lost
12397,35,2,195.0,2,2011-07-27T14:21:00.000Z,2011-11-04T09:52:00.000Z,2,2,2,Lost
15407,183,1,195.0,1,2011-06-09T11:32:00.000Z,2011-06-09T11:32:00.000Z,4,4,2,Champions
17190,207,1,195.0,1,2011-05-16T15:29:00.000Z,2011-05-16T15:29:00.000Z,4,5,2,Champions
14154,239,1,195.0,1,2011-04-14T16:26:00.000Z,2011-04-14T16:26:00.000Z,5,5,2,Champions
17142,239,1,195.0,1,2011-04-14T18:22:00.000Z,2011-04-14T18:22:00.000Z,5,5,2,Champions
12881,275,1,195.0,1,2011-03-09T11:44:00.000Z,2011-03-09T11:44:00.000Z,5,5,2,Champions
17817,277,1,195.0,1,2011-03-07T17:42:00.000Z,2011-03-07T17:42:00.000Z,5,5,2,Champions
15572,278,1,195.0,1,2011-03-06T14:44:00.000Z,2011-03-06T14:44:00.000Z,5,5,2,Champions
12394,63,2,192.0,2,2011-05-06T14:01:00.000Z,2011-10-07T08:08:00.000Z,3,2,2,Others
14808,166,2,190.0,2,2011-06-20T12:53:00.000Z,2011-06-26T12:54:00.000Z,4,2,2,New
12640,23,3,180.0,3,2011-09-19T12:01:00.000Z,2011-11-16T11:52:00.000Z,2,1,2,Lost
12517,28,3,180.0,3,2011-08-05T15:02:00.000Z,2011-11-11T14:04:00.000Z,2,2,2,Lost
12635,89,2,180.0,2,2011-07-08T08:43:00.000Z,2011-09-11T11:04:00.000Z,3,2,2,Others
12669,150,2,180.0,2,2011-03-28T10:15:00.000Z,2011-07-12T09:54:00.000Z,4,2,2,New
17135,16,2,170.0,2,2011-11-02T10:33:00.000Z,2011-11-23T12:13:00.000Z,1,2,2,Lost
17415,79,1,170.0,1,2011-09-21T12:50:00.000Z,2011-09-21T12:50:00.000Z,3,4,2,Potential
12884,88,1,170.0,1,2011-09-12T13:10:00.000Z,2011-09-12T13:10:00.000Z,3,4,2,Potential
17146,105,1,170.0,1,2011-08-26T12:44:00.000Z,2011-08-26T12:44:00.000Z,4,4,2,Champions
14498,149,1,170.0,1,2011-07-13T12:06:00.000Z,2011-07-13T12:06:00.000Z,4,4,2,Champions
12421,15,4,168.0,4,2011-01-24T15:09:00.000Z,2011-11-24T09:07:00.000Z,1,1,2,Lost
12596,51,2,168.0,2,2011-04-11T13:22:00.000Z,2011-10-19T13:02:00.000Z,3,2,2,Others
12545,75,2,168.0,2,2011-03-25T12:04:00.000Z,2011-09-25T13:39:00.000Z,3,2,2,Others
12510,142,2,168.0,2,2011-01-18T14:04:00.000Z,2011-07-20T10:15:00.000Z,4,2,2,New
12876,57,2,165.0,2,2011-05-27T13:34:00.000Z,2011-10-13T12:26:00.000Z,3,2,2,Others
15861,22,1,165.0,1,2011-11-17T19:58:00.000Z,2011-11-17T19:58:00.000Z,2,3,2,Others
14553,33,1,165.0,1,2011-11-06T14:06:00.000Z,2011-11-06T14:06:00.000Z,2,3,2,Others
16723,91,1,165.0,1,2011-09-09T13:01:00.000Z,2011-09-09T13:01:00.000Z,4,4,2,Champions
16216,267,1,165.0,1,2011-03-17T15:34:00.000Z,2011-03-17T15:34:00.000Z,5,5,2,Champions
14180,282,1,165.0,1,2011-03-02T09:33:00.000Z,2011-03-02T09:33:00.000Z,5,5,2,Champions
15257,283,1,165.0,1,2011-03-01T12:58:00.000Z,2011-03-01T12:58:00.000Z,5,5,2,Champions
16838,288,1,165.0,1,2011-02-24T15:01:00.000Z,2011-02-24T15:01:00.000Z,5,5,2,Champions
16027,302,1,165.0,1,2011-02-10T12:19:00.000Z,2011-02-10T12:19:00.000Z,5,5,2,Champions
15513,316,1,165.0,1,2011-01-27T12:10:00.000Z,2011-01-27T12:10:00.000Z,5,5,2,Champions
16500,330,1,165.0,1,2011-01-13T10:28:00.000Z,2011-01-13T10:28:00.000Z,5,5,2,Champions
14185,331,1,165.0,1,2011-01-12T13:52:00.000Z,2011-01-12T13:52:00.000Z,5,5,2,Champions
13705,373,1,165.0,1,2010-12-01T10:29:00.000Z,2010-12-01T10:29:00.000Z,5,5,2,Champions
12494,15,6,162.0,6,2010-12-09T11:31:00.000Z,2011-11-24T09:34:00.000Z,1,1,2,Lost
12679,58,4,162.0,4,2011-03-01T12:26:00.000Z,2011-10-12T12:30:00.000Z,3,1,2,Others
12530,59,4,162.0,4,2011-01-07T10:04:00.000Z,2011-10-11T12:34:00.000Z,3,1,2,Others
12609,78,3,162.0,3,2011-01-25T15:13:00.000Z,2011-09-22T16:34:00.000Z,3,2,2,Others
12384,28,2,160.0,2,2011-08-10T11:23:00.000Z,2011-11-11T08:39:00.000Z,2,2,2,Lost
12458,71,2,160.0,2,2011-02-28T10:55:00.000Z,2011-09-29T15:25:00.000Z,3,2,2,Others
12582,238,2,160.0,2,2011-02-24T11:42:00.000Z,2011-04-15T08:45:00.000Z,5,2,2,New
12638,33,1,160.0,1,2011-11-06T13:11:00.000Z,2011-11-06T13:11:00.000Z,2,3,2,Others
12631,57,1,160.0,1,2011-10-13T13:53:00.000Z,2011-10-13T13:53:00.000Z,3,4,2,Potential
12667,58,1,160.0,1,2011-10-12T17:00:00.000Z,2011-10-12T17:00:00.000Z,3,4,2,Potential
12410,308,1,160.0,1,2011-02-04T10:38:00.000Z,2011-02-04T10:38:00.000Z,5,5,2,Champions
14565,95,3,150.0,3,2011-05-18T13:09:00.000Z,2011-09-05T09:07:00.000Z,4,2,2,New
13376,99,3,150.0,3,2011-04-19T13:03:00.000Z,2011-09-01T16:16:00.000Z,4,2,2,New
16971,38,1,150.0,2,2011-11-01T15:06:00.000Z,2011-11-01T15:06:00.000Z,2,3,2,Others
17706,44,1,150.0,1,2011-10-26T13:31:00.000Z,2011-10-26T13:31:00.000Z,3,3,2,Potential
16692,256,1,150.0,1,2011-03-28T14:46:00.000Z,2011-03-28T14:46:00.000Z,5,5,2,Champions
12448,44,1,149.0,2,2011-10-26T13:46:00.000Z,2011-10-26T13:46:00.000Z,3,3,2,Potential
12599,29,7,144.0,7,2011-02-08T13:28:00.000Z,2011-11-10T13:34:00.000Z,2,1,2,Lost
12645,33,4,144.0,4,2011-01-27T13:08:00.000Z,2011-11-06T12:38:00.000Z,2,1,2,Lost
12463,53,4,144.0,4,2011-04-12T12:47:00.000Z,2011-10-17T13:44:00.000Z,3,1,2,Others
12693,127,4,144.0,4,2011-01-24T12:58:00.000Z,2011-08-04T17:51:00.000Z,4,1,2,New
12526,0,3,144.0,3,2011-09-06T14:19:00.000Z,2011-12-09T12:09:00.000Z,1,1,2,Lost
12501,336,1,144.0,1,2011-01-07T12:28:00.000Z,2011-01-07T12:28:00.000Z,5,5,2,Champions
12731,364,1,144.0,1,2010-12-10T10:56:00.000Z,2010-12-10T10:56:00.000Z,5,5,2,Champions
15108,141,3,141.0,3,2011-04-26T10:54:00.000Z,2011-07-21T10:24:00.000Z,4,2,2,New
12541,29,3,140.0,3,2011-03-04T09:32:00.000Z,2011-11-10T10:40:00.000Z,2,2,2,Lost
12546,46,2,140.0,2,2011-09-23T09:44:00.000Z,2011-10-24T12:09:00.000Z,3,2,2,Others
12772,59,1,140.0,1,2011-10-11T09:19:00.000Z,2011-10-11T09:19:00.000Z,3,4,2,Potential
12550,79,1,140.0,1,2011-09-21T14:35:00.000Z,2011-09-21T14:35:00.000Z,3,4,2,Potential
12478,3,1,135.0,1,2011-12-06T09:56:00.000Z,2011-12-06T09:56:00.000Z,1,3,2,Others
12612,74,1,132.0,5,2011-09-26T15:35:00.000Z,2011-09-26T15:35:00.000Z,3,4,2,Potential
12594,256,4,130.0,4,2011-01-21T09:52:00.000Z,2011-03-28T14:01:00.000Z,5,1,2,New
12947,336,1,130.0,1,2011-01-07T09:40:00.000Z,2011-01-07T09:40:00.000Z,5,5,2,Champions
12778,19,6,129.0,6,2011-01-31T14:35:00.000Z,2011-11-20T11:30:00.000Z,2,1,2,Lost
12455,73,5,127.0,5,2011-02-17T17:05:00.000Z,2011-09-27T15:31:00.000Z,3,1,2,Others
12674,38,4,126.0,4,2011-05-16T09:10:00.000Z,2011-11-01T12:12:00.000Z,2,1,2,Lost
12427,21,3,126.0,3,2010-12-03T10:44:00.000Z,2011-11-18T08:56:00.000Z,2,1,2,Lost
12710,96,3,126.0,3,2011-05-22T14:05:00.000Z,2011-09-04T12:00:00.000Z,4,2,2,New
12516,77,2,126.0,2,2011-06-12T11:37:00.000Z,2011-09-23T09:13:00.000Z,3,2,3,Others
12603,21,1,126.0,1,2011-11-18T10:42:00.000Z,2011-11-18T10:42:00.000Z,2,3,3,Others
12652,331,1,126.0,1,2011-01-12T15:00:00.000Z,2011-01-12T15:00:00.000Z,5,5,3,Champions
17404,56,3,125.0,3,2011-07-31T15:50:00.000Z,2011-10-14T11:44:00.000Z,3,2,3,Others
17838,89,1,125.0,1,2011-09-11T14:34:00.000Z,2011-09-11T14:34:00.000Z,3,4,3,Potential
15238,95,1,125.0,1,2011-09-05T15:26:00.000Z,2011-09-05T15:26:00.000Z,4,4,3,Champions
14924,245,1,125.0,1,2011-04-08T09:25:00.000Z,2011-04-08T09:25:00.000Z,5,5,3,Champions
16096,264,1,125.0,1,2011-03-20T13:38:00.000Z,2011-03-20T13:38:00.000Z,5,5,3,Champions
17961,353,1,125.0,1,2010-12-21T10:26:00.000Z,2010-12-21T10:26:00.000Z,5,5,3,Champions
12759,52,3,120.0,3,2011-03-09T08:09:00.000Z,2011-10-18T14:49:00.000Z,3,2,3,Others
12414,217,3,120.0,3,2011-02-02T14:51:00.000Z,2011-05-06T14:51:00.000Z,4,2,3,New
12816,95,2,120.0,2,2011-06-16T13:24:00.000Z,2011-09-05T12:41:00.000Z,4,2,3,New
13493,275,2,120.0,2,2011-02-25T16:42:00.000Z,2011-03-09T15:35:00.000Z,5,2,3,New
12374,25,1,120.0,1,2011-11-14T15:37:00.000Z,2011-11-14T15:37:00.000Z,2,3,3,Others
12552,38,1,120.0,1,2011-11-01T10:02:00.000Z,2011-11-01T10:02:00.000Z,2,3,3,Others
15502,67,1,120.0,1,2011-10-03T16:51:00.000Z,2011-10-03T16:51:00.000Z,3,4,3,Potential
12422,168,1,120.0,1,2011-06-24T13:20:00.000Z,2011-06-24T13:20:00.000Z,4,4,3,Champions
14298,225,1,120.0,1,2011-04-28T10:20:00.000Z,2011-04-28T10:20:00.000Z,5,5,3,Champions
12639,238,1,120.0,1,2011-04-15T12:48:00.000Z,2011-04-15T12:48:00.000Z,5,5,3,Champions
12370,357,1,120.0,1,2010-12-17T09:38:00.000Z,2010-12-17T09:38:00.000Z,5,5,3,Champions
12523,43,5,115.0,5,2011-02-21T14:58:00.000Z,2011-10-27T09:18:00.000Z,3,1,3,Others
14016,357,1,115.0,2,2010-12-17T14:21:00.000Z,2010-12-17T14:21:00.000Z,5,5,3,Champions
12795,18,1,112.0,1,2011-11-21T10:27:00.000Z,2011-11-21T10:27:00.000Z,2,3,3,Others
15103,31,2,110.0,2,2011-09-14T13:54:00.000Z,2011-11-08T14:53:00.000Z,2,2,3,Lost
12691,28,5,108.0,5,2010-12-17T14:46:00.000Z,2011-11-11T16:49:00.000Z,2,1,3,Lost
12724,5,4,108.0,4,2011-01-11T15:00:00.000Z,2011-12-04T16:02:00.000Z,1,1,3,Lost
12728,71,4,108.0,4,2011-01-11T13:31:00.000Z,2011-09-29T15:31:00.000Z,3,1,3,Others
12642,25,3,108.0,3,2011-08-24T09:23:00.000Z,2011-11-14T15:03:00.000Z,2,1,3,Lost
12572,8,2,108.0,2,2011-10-19T08:20:00.000Z,2011-12-01T09:20:00.000Z,1,2,3,Lost
12689,25,2,108.0,2,2011-08-04T10:04:00.000Z,2011-11-14T08:31:00.000Z,2,2,3,Lost
12694,70,2,108.0,2,2011-06-09T17:48:00.000Z,2011-09-30T13:06:00.000Z,3,2,3,Others
12534,130,1,108.0,1,2011-08-01T10:26:00.000Z,2011-08-01T10:26:00.000Z,4,4,3,Champions
12775,17,5,105.0,5,2011-02-01T13:45:00.000Z,2011-11-22T16:33:00.000Z,2,1,3,Lost
12364,7,4,105.0,4,2011-08-19T15:24:00.000Z,2011-12-02T10:22:00.000Z,1,1,3,Lost
12431,60,2,105.0,2,2011-02-17T08:23:00.000Z,2011-10-10T14:49:00.000Z,3,2,3,Others
12515,353,1,105.0,1,2010-12-21T15:43:00.000Z,2010-12-21T15:43:00.000Z,5,5,3,Champions
12372,71,3,102.0,3,2011-02-16T12:46:00.000Z,2011-09-29T12:12:00.000Z,3,2,3,Others
13350,16,2,100.0,2,2011-09-21T13:33:00.000Z,2011-11-23T16:33:00.000Z,1,2,3,Lost
13363,17,2,100.0,2,2011-10-27T10:46:00.000Z,2011-11-22T12:40:00.000Z,2,2,3,Lost
16265,110,2,100.0,2,2011-03-24T09:52:00.000Z,2011-08-21T12:39:00.000Z,4,2,3,New
14817,200,2,100.0,2,2011-03-07T13:51:00.000Z,2011-05-23T13:35:00.000Z,4,2,3,New
16345,44,1,100.0,1,2011-10-26T16:03:00.000Z,2011-10-26T16:03:00.000Z,3,3,3,Potential
12601,189,5,90.0,5,2011-01-11T10:38:00.000Z,2011-06-03T10:17:00.000Z,4,1,3,New
12716,3,2,90.0,2,2011-07-29T13:28:00.000Z,2011-12-06T08:55:00.000Z,1,2,3,Lost
13023,64,2,90.0,2,2011-08-02T09:34:00.000Z,2011-10-06T16:27:00.000Z,3,2,3,Others
14524,71,2,90.0,2,2011-04-17T12:53:00.000Z,2011-09-29T12:16:00.000Z,3,2,3,Others
12735,315,2,90.0,2,2011-01-06T14:26:00.000Z,2011-01-28T13:37:00.000Z,5,2,3,New
12497,81,1,90.0,1,2011-09-19T12:29:00.000Z,2011-09-19T12:29:00.000Z,3,4,3,Potential
12736,332,1,90.0,1,2011-01-11T07:57:00.000Z,2011-01-11T07:57:00.000Z,5,5,3,Champions
13046,30,1,85.0,1,2011-11-09T08:36:00.000Z,2011-11-09T08:36:00.000Z,2,3,3,Others
16243,54,1,85.0,1,2011-10-16T12:09:00.000Z,2011-10-16T12:09:00.000Z,3,4,3,Potential
15088,67,1,85.0,1,2011-10-03T14:05:00.000Z,2011-10-03T14:05:00.000Z,3,4,3,Potential
17214,85,1,85.0,1,2011-09-15T11:25:00.000Z,2011-09-15T11:25:00.000Z,3,4,3,Potential
16475,88,1,85.0,1,2011-09-12T14:37:00.000Z,2011-09-12T14:37:00.000Z,3,4,3,Potential
14346,120,1,85.0,1,2011-08-11T09:47:00.000Z,2011-08-11T09:47:00.000Z,4,4,3,Champions
17419,143,1,85.0,1,2011-07-19T12:39:00.000Z,2011-07-19T12:39:00.000Z,4,4,3,Champions
15189,149,1,85.0,1,2011-07-13T09:44:00.000Z,2011-07-13T09:44:00.000Z,4,4,3,Champions
15157,154,1,85.0,1,2011-07-08T13:26:00.000Z,2011-07-08T13:26:00.000Z,4,4,3,Champions
14104,154,1,85.0,1,2011-07-08T12:50:00.000Z,2011-07-08T12:50:00.000Z,4,4,3,Champions
12412,74,3,84.0,3,2011-06-23T13:51:00.000Z,2011-09-26T10:16:00.000Z,3,2,3,Others
12793,334,2,84.0,2,2010-12-03T15:14:00.000Z,2011-01-09T12:12:00.000Z,5,2,3,New
12809,177,1,84.0,1,2011-06-15T10:51:00.000Z,2011-06-15T10:51:00.000Z,4,4,3,Champions
12584,280,1,84.0,1,2011-03-04T15:15:00.000Z,2011-03-04T15:15:00.000Z,5,5,3,Champions
12591,317,1,84.0,1,2011-01-26T14:35:00.000Z,2011-01-26T14:35:00.000Z,5,5,3,Champions
12452,16,2,82.0,2,2011-11-23T08:05:00.000Z,2011-11-23T10:28:00.000Z,1,2,3,Lost
12375,10,2,80.0,2,2011-09-02T14:23:00.000Z,2011-11-29T10:36:00.000Z,1,2,3,Lost
12436,99,1,80.0,1,2011-09-01T12:09:00.000Z,2011-09-01T12:09:00.000Z,4,4,3,Champions
12715,106,1,80.0,1,2011-08-25T15:22:00.000Z,2011-08-25T15:22:00.000Z,4,4,3,Champions
12377,315,1,80.0,1,2011-01-28T15:45:00.000Z,2011-01-28T15:45:00.000Z,5,5,3,Champions
12399,119,4,75.0,4,2011-03-23T09:42:00.000Z,2011-08-12T13:15:00.000Z,4,1,3,New
14895,7,3,75.0,3,2011-10-24T14:29:00.000Z,2011-12-02T09:19:00.000Z,1,1,3,Lost
18219,2,2,75.0,2,2011-10-27T18:02:00.000Z,2011-12-07T11:43:00.000Z,1,2,3,Lost
13709,36,2,75.0,2,2011-11-03T11:29:00.000Z,2011-11-03T11:31:00.000Z,2,2,3,Lost
12379,81,2,75.0,2,2011-06-22T16:32:00.000Z,2011-09-19T10:09:00.000Z,3,2,3,Others
12654,10,4,72.0,4,2011-02-17T13:16:00.000Z,2011-11-29T10:10:00.000Z,1,1,3,Lost
12680,73,3,72.0,3,2011-08-18T15:44:00.000Z,2011-09-27T12:53:00.000Z,3,2,3,Others
12719,5,2,72.0,2,2011-10-05T14:50:00.000Z,2011-12-04T13:45:00.000Z,1,2,3,Lost
13816,23,2,72.0,2,2011-10-06T14:37:00.000Z,2011-11-16T08:38:00.000Z,2,2,3,Lost
13810,28,2,72.0,2,2011-10-14T12:57:00.000Z,2011-11-11T08:33:00.000Z,2,2,3,Lost
12589,28,2,72.0,2,2011-07-18T12:05:00.000Z,2011-11-11T10:19:00.000Z,2,2,3,Lost
12413,66,2,72.0,2,2011-01-06T16:12:00.000Z,2011-10-04T09:00:00.000Z,3,2,3,Others
12701,79,2,72.0,2,2011-04-11T13:02:00.000Z,2011-09-21T10:47:00.000Z,3,2,3,Others
12616,95,2,72.0,2,2011-02-15T14:17:00.000Z,2011-09-05T15:17:00.000Z,4,2,3,New
12624,106,2,72.0,2,2011-06-15T12:34:00.000Z,2011-08-25T15:04:00.000Z,4,2,3,New
13811,183,2,72.0,2,2011-04-14T18:40:00.000Z,2011-06-09T09:54:00.000Z,4,2,3,New
12468,187,2,72.0,2,2011-01-27T13:29:00.000Z,2011-06-05T11:36:00.000Z,4,2,3,New
12650,3,1,72.0,1,2011-12-06T16:34:00.000Z,2011-12-06T16:34:00.000Z,1,3,3,Others
12426,194,1,72.0,1,2011-05-29T12:26:00.000Z,2011-05-29T12:26:00.000Z,4,5,3,Champions
17293,119,1,65.0,1,2011-08-12T14:03:00.000Z,2011-08-12T14:03:00.000Z,4,4,3,Champions
13338,157,1,65.0,2,2011-07-05T09:06:00.000Z,2011-07-05T09:06:00.000Z,4,4,3,Champions
12842,308,1,65.0,1,2011-02-04T12:36:00.000Z,2011-02-04T12:36:00.000Z,5,5,3,Champions
14049,317,1,65.0,1,2011-01-26T11:27:00.000Z,2011-01-26T11:27:00.000Z,5,5,3,Champions
13659,320,1,65.0,1,2011-01-23T12:08:00.000Z,2011-01-23T12:08:00.000Z,5,5,3,Champions
13695,81,4,60.0,4,2011-07-05T15:12:00.000Z,2011-09-19T11:37:00.000Z,3,1,3,Others
18073,114,4,60.0,4,2011-06-14T12:17:00.000Z,2011-08-17T14:02:00.000Z,4,1,3,New
12465,17,2,60.0,2,2011-06-23T13:37:00.000Z,2011-11-22T16:34:00.000Z,1,2,3,Lost
12866,283,1,60.0,1,2011-03-01T14:11:00.000Z,2011-03-01T14:11:00.000Z,5,5,3,Champions
12811,260,3,56.0,3,2011-02-28T15:39:00.000Z,2011-03-24T09:42:00.000Z,5,2,3,New
12547,197,2,56.0,2,2011-03-04T12:46:00.000Z,2011-05-26T12:38:00.000Z,4,2,3,New
12784,9,1,56.0,1,2011-11-30T15:38:00.000Z,2011-11-30T15:38:00.000Z,1,3,3,Others
12757,15,1,56.0,1,2011-11-24T12:30:00.000Z,2011-11-24T12:30:00.000Z,1,3,3,Others
12445,22,1,56.0,1,2011-11-17T18:43:00.000Z,2011-11-17T18:43:00.000Z,2,3,3,Others
12544,36,1,56.0,1,2011-11-03T16:15:00.000Z,2011-11-03T16:15:00.000Z,2,3,3,Others
12792,256,1,56.0,1,2011-03-28T11:36:00.000Z,2011-03-28T11:36:00.000Z,5,5,3,Champions
12785,364,1,56.0,1,2010-12-10T13:48:00.000Z,2010-12-10T13:48:00.000Z,5,5,3,Champions
12725,371,1,56.0,1,2010-12-03T15:45:00.000Z,2010-12-03T15:45:00.000Z,5,5,3,Champions
12628,4,3,54.0,3,2011-10-06T09:28:00.000Z,2011-12-05T13:15:00.000Z,1,1,3,Lost
13812,42,3,54.0,3,2011-08-26T12:54:00.000Z,2011-10-28T14:27:00.000Z,3,2,3,Others
12498,21,2,54.0,2,2011-10-13T09:30:00.000Z,2011-11-18T12:52:00.000Z,2,2,3,Lost
13817,29,2,54.0,2,2010-12-23T11:46:00.000Z,2011-11-10T17:49:00.000Z,2,2,3,Lost
12649,107,2,54.0,2,2011-05-11T14:37:00.000Z,2011-08-24T14:40:00.000Z,4,2,3,New
12493,165,2,54.0,2,2011-05-26T14:53:00.000Z,2011-06-27T10:17:00.000Z,4,2,3,New
12713,0,1,54.0,1,2011-12-09T12:16:00.000Z,2011-12-09T12:16:00.000Z,1,3,3,Others
12488,9,1,54.0,1,2011-11-30T08:50:00.000Z,2011-11-30T08:50:00.000Z,1,3,3,Others
12479,11,1,54.0,1,2011-11-28T13:26:00.000Z,2011-11-28T13:26:00.000Z,1,3,3,Others
12620,14,1,54.0,4,2011-11-25T10:20:00.000Z,2011-11-25T10:20:00.000Z,1,3,3,Others
12658,18,1,54.0,1,2011-11-21T10:22:00.000Z,2011-11-21T10:22:00.000Z,2,3,3,Others
12504,30,1,54.0,1,2011-11-09T14:56:00.000Z,2011-11-09T14:56:00.000Z,2,3,3,Others
12475,53,1,54.0,1,2011-10-17T10:10:00.000Z,2011-10-17T10:10:00.000Z,3,4,3,Potential
12519,63,1,54.0,1,2011-10-07T09:26:00.000Z,2011-10-07T09:26:00.000Z,3,4,3,Potential
12579,78,1,54.0,1,2011-09-22T17:15:00.000Z,2011-09-22T17:15:00.000Z,3,4,3,Potential
12566,86,1,54.0,1,2011-09-14T14:30:00.000Z,2011-09-14T14:30:00.000Z,3,4,3,Potential
12513,112,1,54.0,1,2011-08-19T10:51:00.000Z,2011-08-19T10:51:00.000Z,4,4,3,Champions
12521,142,1,54.0,1,2011-07-20T10:51:00.000Z,2011-07-20T10:51:00.000Z,4,4,3,Champions
12690,205,1,54.0,1,2011-05-18T09:09:00.000Z,2011-05-18T09:09:00.000Z,4,5,3,Champions
12564,261,1,54.0,1,2011-03-23T14:55:00.000Z,2011-03-23T14:55:00.000Z,5,5,3,Champions
16892,1,2,50.0,2,2011-11-10T13:03:00.000Z,2011-12-08T13:18:00.000Z,1,2,3,Lost
16347,11,2,50.0,2,2011-11-03T13:01:00.000Z,2011-11-28T13:14:00.000Z,1,2,4,Lost
13349,10,1,50.0,1,2011-11-29T08:07:00.000Z,2011-11-29T08:07:00.000Z,1,3,4,Others
14470,11,1,50.0,1,2011-11-28T10:31:00.000Z,2011-11-28T10:31:00.000Z,1,3,4,Others
13212,19,1,50.0,1,2011-11-20T12:40:00.000Z,2011-11-20T12:40:00.000Z,2,3,4,Others
12749,22,1,50.0,1,2011-11-17T12:05:00.000Z,2011-11-17T12:05:00.000Z,2,3,4,Others
16298,22,1,50.0,1,2011-11-17T11:59:00.000Z,2011-11-17T11:59:00.000Z,2,3,4,Others
16207,25,1,50.0,1,2011-11-14T13:51:00.000Z,2011-11-14T13:51:00.000Z,2,3,4,Others
14547,26,1,50.0,1,2011-11-13T12:27:00.000Z,2011-11-13T12:27:00.000Z,2,3,4,Others
14121,29,1,50.0,1,2011-11-10T10:36:00.000Z,2011-11-10T10:36:00.000Z,2,3,4,Others
13882,43,1,50.0,1,2011-10-27T12:53:00.000Z,2011-10-27T12:53:00.000Z,3,3,4,Potential
17211,47,1,50.0,1,2011-10-23T11:10:00.000Z,2011-10-23T11:10:00.000Z,3,3,4,Potential
13171,49,1,50.0,1,2011-10-21T16:18:00.000Z,2011-10-21T16:18:00.000Z,3,4,4,Potential
15831,58,1,50.0,1,2011-10-12T13:14:00.000Z,2011-10-12T13:14:00.000Z,3,4,4,Potential
13352,60,1,50.0,1,2011-10-10T13:55:00.000Z,2011-10-10T13:55:00.000Z,3,4,4,Potential
13359,63,1,50.0,1,2011-10-07T09:30:00.000Z,2011-10-07T09:30:00.000Z,3,4,4,Potential
13351,66,1,50.0,1,2011-10-04T12:55:00.000Z,2011-10-04T12:55:00.000Z,3,4,4,Potential
13347,70,1,50.0,1,2011-09-30T13:28:00.000Z,2011-09-30T13:28:00.000Z,3,4,4,Potential
16268,71,1,50.0,1,2011-09-29T18:30:00.000Z,2011-09-29T18:30:00.000Z,3,4,4,Potential
13372,89,1,50.0,1,2011-09-11T12:46:00.000Z,2011-09-11T12:46:00.000Z,3,4,4,Potential
13343,177,1,50.0,1,2011-06-15T12:24:00.000Z,2011-06-15T12:24:00.000Z,4,4,4,Champions
13368,256,1,50.0,1,2011-03-28T09:59:00.000Z,2011-03-28T09:59:00.000Z,5,5,4,Champions
13358,268,1,50.0,1,2011-03-16T11:52:00.000Z,2011-03-16T11:52:00.000Z,5,5,4,Champions
13908,276,1,50.0,1,2011-03-08T12:04:00.000Z,2011-03-08T12:04:00.000Z,5,5,4,Champions
13345,287,1,50.0,1,2011-02-25T09:01:00.000Z,2011-02-25T09:01:00.000Z,5,5,4,Champions
14932,365,1,50.0,1,2010-12-09T11:48:00.000Z,2010-12-09T11:48:00.000Z,5,5,4,Champions
13369,365,1,50.0,1,2010-12-09T11:30:00.000Z,2010-12-09T11:30:00.000Z,5,5,4,Champions
16161,1,3,45.0,3,2011-11-17T12:54:00.000Z,2011-12-08T12:10:00.000Z,1,1,4,Lost
12787,9,3,45.0,3,2011-05-31T09:36:00.000Z,2011-11-30T08:44:00.000Z,1,1,4,Lost
17652,25,3,45.0,3,2011-10-03T13:03:00.000Z,2011-11-14T12:55:00.000Z,2,1,4,Lost
17858,5,2,45.0,2,2011-08-12T16:36:00.000Z,2011-12-04T11:56:00.000Z,1,2,4,Lost
12390,79,1,45.0,1,2011-09-21T09:33:00.000Z,2011-09-21T09:33:00.000Z,3,4,4,Potential
12447,243,1,45.0,1,2011-04-10T13:25:00.000Z,2011-04-10T13:25:00.000Z,5,5,4,Champions
15291,277,1,45.0,1,2011-03-07T16:14:00.000Z,2011-03-07T16:14:00.000Z,5,5,4,Champions
14216,3,2,40.0,2,2011-12-01T14:58:00.000Z,2011-12-06T14:56:00.000Z,1,2,4,Lost
12587,7,1,40.0,1,2011-12-02T12:47:00.000Z,2011-12-02T12:47:00.000Z,1,3,4,Others
12451,10,1,40.0,1,2011-11-29T08:40:00.000Z,2011-11-29T08:40:00.000Z,1,3,4,Others
12618,21,1,40.0,1,2011-11-18T11:10:00.000Z,2011-11-18T11:10:00.000Z,2,3,4,Others
12588,39,1,40.0,1,2011-10-31T15:01:00.000Z,2011-10-31T15:01:00.000Z,2,3,4,Others
12430,43,1,40.0,1,2011-10-27T15:09:00.000Z,2011-10-27T15:09:00.000Z,3,3,4,Potential
12781,63,1,40.0,1,2011-10-07T10:37:00.000Z,2011-10-07T10:37:00.000Z,3,4,4,Potential
12814,101,1,40.0,1,2011-08-30T12:11:00.000Z,2011-08-30T12:11:00.000Z,4,4,4,Champions
12641,115,1,40.0,1,2011-08-16T13:26:00.000Z,2011-08-16T13:26:00.000Z,4,4,4,Champions
12817,281,1,40.0,1,2011-03-03T16:28:00.000Z,2011-03-03T16:28:00.000Z,5,5,4,Champions
12350,310,1,40.0,1,2011-02-02T16:01:00.000Z,2011-02-02T16:01:00.000Z,5,5,4,Champions
12373,311,1,40.0,1,2011-02-01T13:10:00.000Z,2011-02-01T13:10:00.000Z,5,5,4,Champions
12522,39,2,36.0,2,2011-10-19T14:41:00.000Z,2011-10-31T15:30:00.000Z,2,2,4,Lost
13919,59,2,36.0,2,2011-08-10T10:15:00.000Z,2011-10-11T14:24:00.000Z,3,2,4,Others
12492,63,2,36.0,2,2011-08-26T14:51:00.000Z,2011-10-07T15:15:00.000Z,3,2,4,Others
12592,92,2,36.0,2,2011-05-10T13:44:00.000Z,2011-09-08T15:04:00.000Z,4,2,4,New
12673,5,1,36.0,1,2011-12-04T13:55:00.000Z,2011-12-04T13:55:00.000Z,1,3,4,Others
14277,21,1,36.0,1,2011-11-18T09:53:00.000Z,2011-11-18T09:53:00.000Z,2,3,4,Others
12532,30,1,36.0,1,2011-11-09T13:47:00.000Z,2011-11-09T13:47:00.000Z,2,3,4,Others
12491,38,1,36.0,1,2011-11-01T12:18:00.000Z,2011-11-01T12:18:00.000Z,2,3,4,Others
12403,49,1,36.0,1,2011-10-21T10:51:00.000Z,2011-10-21T10:51:00.000Z,3,3,4,Potential
12718,71,1,36.0,1,2011-09-29T16:38:00.000Z,2011-09-29T16:38:00.000Z,3,4,4,Potential
16103,79,1,36.0,2,2011-09-21T11:55:00.000Z,2011-09-21T11:55:00.000Z,3,4,4,Potential
12729,113,1,36.0,1,2011-08-18T11:40:00.000Z,2011-08-18T11:40:00.000Z,4,4,4,Champions
12593,218,1,36.0,1,2011-05-05T09:29:00.000Z,2011-05-05T09:29:00.000Z,4,5,4,Champions
12580,246,1,36.0,1,2011-04-07T10:24:00.000Z,2011-04-07T10:24:00.000Z,5,5,4,Champions
12623,276,1,36.0,1,2011-03-08T13:50:00.000Z,2011-03-08T13:50:00.000Z,5,5,4,Champions
12574,315,1,36.0,1,2011-01-28T09:20:00.000Z,2011-01-28T09:20:00.000Z,5,5,4,Champions
12559,319,1,36.0,1,2011-01-24T10:12:00.000Z,2011-01-24T10:12:00.000Z,5,5,4,Champions
12489,336,1,36.0,1,2011-01-07T13:13:00.000Z,2011-01-07T13:13:00.000Z,5,5,4,Champions
17194,273,2,35.0,3,2010-12-14T12:06:00.000Z,2011-03-11T12:05:00.000Z,5,2,4,New
17402,50,1,35.0,1,2011-10-20T12:40:00.000Z,2011-10-20T12:40:00.000Z,3,4,4,Potential
17223,368,1,35.0,1,2010-12-06T14:08:00.000Z,2010-12-06T14:08:00.000Z,5,5,4,Champions
12913,4,2,30.0,2,2011-11-24T10:39:00.000Z,2011-12-05T12:11:00.000Z,1,2,4,Lost
14618,9,2,30.0,2,2011-11-29T08:41:00.000Z,2011-11-30T13:45:00.000Z,1,2,4,Lost
14704,11,2,30.0,2,2011-10-31T14:48:00.000Z,2011-11-28T12:51:00.000Z,1,2,4,Lost
15671,18,2,30.0,2,2011-11-14T10:50:00.000Z,2011-11-21T12:43:00.000Z,2,2,4,Lost
13266,29,2,30.0,3,2011-10-27T14:52:00.000Z,2011-11-10T13:44:00.000Z,2,2,4,Lost
13524,40,2,30.0,2,2011-08-30T12:45:00.000Z,2011-10-30T12:34:00.000Z,2,2,4,Lost
18265,72,2,30.0,2,2011-07-04T15:26:00.000Z,2011-09-28T14:10:00.000Z,3,2,4,Others
15885,92,2,30.0,2,2011-02-03T15:28:00.000Z,2011-09-08T10:43:00.000Z,4,2,4,New
17315,100,2,30.0,2,2011-08-23T16:56:00.000Z,2011-08-31T10:21:00.000Z,4,2,4,New
17160,109,2,30.0,2,2011-07-26T15:29:00.000Z,2011-08-22T13:32:00.000Z,4,2,4,New
15563,22,1,30.0,1,2011-11-17T12:59:00.000Z,2011-11-17T12:59:00.000Z,2,3,4,Others
13752,184,1,30.0,1,2011-06-08T10:49:00.000Z,2011-06-08T10:49:00.000Z,4,4,4,Champions
12802,186,1,30.0,1,2011-06-06T09:36:00.000Z,2011-06-06T09:36:00.000Z,4,4,4,Champions
12790,192,1,30.0,1,2011-05-31T14:14:00.000Z,2011-05-31T14:14:00.000Z,4,5,4,Champions
12402,323,1,30.0,1,2011-01-20T13:49:00.000Z,2011-01-20T13:49:00.000Z,5,5,4,Champions
13174,16,2,29.0,2,2011-01-27T15:36:00.000Z,2011-11-23T14:35:00.000Z,1,2,4,Lost
12442,3,1,28.0,1,2011-12-06T14:22:00.000Z,2011-12-06T14:22:00.000Z,1,3,4,Others
12548,166,1,28.0,1,2011-06-26T15:35:00.000Z,2011-06-26T15:35:00.000Z,4,4,4,Champions
12797,365,1,28.0,1,2010-12-09T10:55:00.000Z,2010-12-09T10:55:00.000Z,5,5,4,Champions
12808,368,1,28.0,1,2010-12-06T10:27:00.000Z,2010-12-06T10:27:00.000Z,5,5,4,Champions
14688,7,1,25.0,1,2011-12-02T12:24:00.000Z,2011-12-02T12:24:00.000Z,1,3,4,Others
13755,9,1,25.0,1,2011-11-30T13:29:00.000Z,2011-11-30T13:29:00.000Z,1,3,4,Others
12953,9,1,25.0,1,2011-11-30T09:24:00.000Z,2011-11-30T09:24:00.000Z,1,3,4,Others
16800,11,1,25.0,1,2011-11-28T14:06:00.000Z,2011-11-28T14:06:00.000Z,1,3,4,Others
14511,11,1,25.0,1,2011-11-28T17:05:00.000Z,2011-11-28T17:05:00.000Z,1,3,4,Others
13589,14,1,25.0,1,2011-11-25T12:10:00.000Z,2011-11-25T12:10:00.000Z,1,3,4,Others
13644,16,1,25.0,1,2011-11-23T14:07:00.000Z,2011-11-23T14:07:00.000Z,1,3,4,Others
15426,19,1,25.0,1,2011-11-20T15:36:00.000Z,2011-11-20T15:36:00.000Z,2,3,4,Others
13118,19,1,25.0,1,2011-11-20T12:37:00.000Z,2011-11-20T12:37:00.000Z,2,3,4,Others
16399,19,1,25.0,1,2011-11-20T16:12:00.000Z,2011-11-20T16:12:00.000Z,2,3,4,Others
18127,19,1,25.0,1,2011-11-20T12:45:00.000Z,2011-11-20T12:45:00.000Z,2,3,4,Others
17324,21,1,25.0,1,2011-11-18T11:53:00.000Z,2011-11-18T11:53:00.000Z,2,3,4,Others
14903,21,1,25.0,1,2011-11-18T16:07:00.000Z,2011-11-18T16:07:00.000Z,2,3,4,Others
13238,23,1,25.0,1,2011-11-16T16:26:00.000Z,2011-11-16T16:26:00.000Z,2,3,4,Others
16560,26,1,25.0,1,2011-11-13T10:35:00.000Z,2011-11-13T10:35:00.000Z,2,3,4,Others
14125,28,1,25.0,1,2011-11-11T12:20:00.000Z,2011-11-11T12:20:00.000Z,2,3,4,Others
17088,28,1,25.0,1,2011-11-11T14:23:00.000Z,2011-11-11T14:23:00.000Z,2,3,4,Others
13396,29,1,25.0,1,2011-11-10T16:59:00.000Z,2011-11-10T16:59:00.000Z,2,3,4,Others
18216,31,1,25.0,1,2011-11-08T16:55:00.000Z,2011-11-08T16:55:00.000Z,2,3,4,Others
12357,33,1,25.0,1,2011-11-06T16:07:00.000Z,2011-11-06T16:07:00.000Z,2,3,4,Others
13719,33,1,25.0,1,2011-11-06T15:02:00.000Z,2011-11-06T15:02:00.000Z,2,3,4,Others
14428,36,1,25.0,1,2011-11-03T16:30:00.000Z,2011-11-03T16:30:00.000Z,2,3,4,Others
17076,36,1,25.0,1,2011-11-03T17:53:00.000Z,2011-11-03T17:53:00.000Z,2,3,4,Others
17965,37,1,25.0,1,2011-11-02T09:31:00.000Z,2011-11-02T09:31:00.000Z,2,3,4,Others
15018,38,1,25.0,1,2011-11-01T12:47:00.000Z,2011-11-01T12:47:00.000Z,2,3,4,Others
15622,43,1,25.0,1,2011-10-27T16:44:00.000Z,2011-10-27T16:44:00.000Z,3,3,4,Potential
13488,43,1,25.0,1,2011-10-27T14:05:00.000Z,2011-10-27T14:05:00.000Z,3,3,4,Potential
13988,43,1,25.0,1,2011-10-27T10:36:00.000Z,2011-10-27T10:36:00.000Z,3,3,4,Potential
17428,44,1,25.0,1,2011-10-26T11:49:00.000Z,2011-10-26T11:49:00.000Z,3,3,4,Potential
15215,46,1,25.0,1,2011-10-24T11:41:00.000Z,2011-10-24T11:41:00.000Z,3,3,4,Potential
15836,50,1,25.0,1,2011-10-20T17:13:00.000Z,2011-10-20T17:13:00.000Z,3,4,4,Potential
15121,50,1,25.0,1,2011-10-20T14:51:00.000Z,2011-10-20T14:51:00.000Z,3,4,4,Potential
16257,176,1,25.0,1,2011-06-16T10:11:00.000Z,2011-06-16T10:11:00.000Z,4,4,4,Champions
13394,78,1,24.0,4,2011-09-22T16:20:00.000Z,2011-09-22T16:20:00.000Z,3,4,4,Potential
13694,107,1,24.0,4,2011-08-24T13:26:00.000Z,2011-08-24T13:26:00.000Z,4,4,4,Champions
15611,70,2,21.0,2,2011-08-26T14:13:00.000Z,2011-09-30T10:40:00.000Z,3,2,4,Others
17086,7,1,21.0,2,2011-12-02T13:54:00.000Z,2011-12-02T13:54:00.000Z,1,3,4,Others
15373,23,1,21.0,1,2011-11-16T11:09:00.000Z,2011-11-16T11:09:00.000Z,2,3,4,Others
14178,8,2,20.0,2,2011-11-11T12:10:00.000Z,2011-12-01T12:01:00.000Z,1,2,4,Lost
13599,1,1,20.0,2,2011-12-08T16:10:00.000Z,2011-12-08T16:10:00.000Z,1,3,4,Others
12977,156,1,20.0,1,2011-07-06T16:40:00.000Z,2011-07-06T16:40:00.000Z,4,4,5,Champions
15046,327,1,20.0,1,2011-01-16T13:25:00.000Z,2011-01-16T13:25:00.000Z,5,5,5,Champions
14194,42,2,18.0,2,2011-08-25T14:42:00.000Z,2011-10-28T14:42:00.000Z,3,2,5,Others
12723,3,1,18.0,1,2011-12-06T10:19:00.000Z,2011-12-06T10:19:00.000Z,1,3,5,Others
12367,4,1,18.0,1,2011-12-05T16:48:00.000Z,2011-12-05T16:48:00.000Z,1,3,5,Others
12660,11,1,18.0,1,2011-11-28T13:26:00.000Z,2011-11-28T13:26:00.000Z,1,3,5,Others
12702,19,1,18.0,1,2011-11-20T10:36:00.000Z,2011-11-20T10:36:00.000Z,2,3,5,Others
12659,29,1,18.0,1,2011-11-10T11:53:00.000Z,2011-11-10T11:53:00.000Z,2,3,5,Others
12581,39,1,18.0,1,2011-10-31T08:56:00.000Z,2011-10-31T08:56:00.000Z,2,3,5,Others
13208,59,1,18.0,1,2011-10-11T16:25:00.000Z,2011-10-11T16:25:00.000Z,3,4,5,Potential
12703,71,1,18.0,1,2011-09-29T17:52:00.000Z,2011-09-29T17:52:00.000Z,3,4,5,Potential
12722,85,1,18.0,1,2011-09-15T14:50:00.000Z,2011-09-15T14:50:00.000Z,3,4,5,Potential
17396,148,1,18.0,1,2011-07-14T10:24:00.000Z,2011-07-14T10:24:00.000Z,4,4,5,Champions
12648,154,1,18.0,1,2011-07-08T11:55:00.000Z,2011-07-08T11:55:00.000Z,4,4,5,Champions
12732,179,1,18.0,1,2011-06-13T11:33:00.000Z,2011-06-13T11:33:00.000Z,4,4,5,Champions
12622,232,1,18.0,1,2011-04-21T16:39:00.000Z,2011-04-21T16:39:00.000Z,5,5,5,Champions
12604,261,1,18.0,1,2011-03-23T12:06:00.000Z,2011-03-23T12:06:00.000Z,5,5,5,Champions
12509,284,1,18.0,1,2011-02-28T14:45:00.000Z,2011-02-28T14:45:00.000Z,5,5,5,Champions
12665,324,1,18.0,1,2011-01-19T08:34:00.000Z,2011-01-19T08:34:00.000Z,5,5,5,Champions
12527,325,1,18.0,1,2011-01-18T12:05:00.000Z,2011-01-18T12:05:00.000Z,5,5,5,Champions
12441,366,1,18.0,1,2010-12-08T10:45:00.000Z,2010-12-08T10:45:00.000Z,5,5,5,Champions
12686,371,1,18.0,1,2010-12-03T09:51:00.000Z,2010-12-03T09:51:00.000Z,5,5,5,Champions
12738,372,1,18.0,1,2010-12-02T18:27:00.000Z,2010-12-02T18:27:00.000Z,5,5,5,Champions
13263,51,2,17.0,2,2011-04-04T13:38:00.000Z,2011-10-19T14:26:00.000Z,3,2,5,Others
14976,57,2,16.0,2,2011-10-13T16:14:00.000Z,2011-10-13T16:37:00.000Z,3,2,5,Others
14904,2,1,16.0,2,2011-12-07T12:55:00.000Z,2011-12-07T12:55:00.000Z,1,3,5,Others
17841,7,1,16.0,1,2011-12-02T13:49:00.000Z,2011-12-02T13:49:00.000Z,1,3,5,Others
17856,1,1,15.0,1,2011-12-08T09:40:00.000Z,2011-12-08T09:40:00.000Z,1,3,5,Others
17590,2,1,15.0,1,2011-12-07T12:55:00.000Z,2011-12-07T12:55:00.000Z,1,3,5,Others
16271,2,1,15.0,1,2011-12-07T12:45:00.000Z,2011-12-07T12:45:00.000Z,1,3,5,Others
12925,4,1,15.0,1,2011-12-05T11:11:00.000Z,2011-12-05T11:11:00.000Z,1,3,5,Others
17006,4,1,15.0,1,2011-12-05T12:09:00.000Z,2011-12-05T12:09:00.000Z,1,3,5,Others
17629,5,1,15.0,1,2011-12-04T10:56:00.000Z,2011-12-04T10:56:00.000Z,1,3,5,Others
15172,8,1,15.0,1,2011-12-01T11:51:00.000Z,2011-12-01T11:51:00.000Z,1,3,5,Others
15414,9,1,15.0,1,2011-11-30T09:50:00.000Z,2011-11-30T09:50:00.000Z,1,3,5,Others
15654,9,1,15.0,1,2011-11-30T13:08:00.000Z,2011-11-30T13:08:00.000Z,1,3,5,Others
14126,10,1,15.0,1,2011-11-29T12:21:00.000Z,2011-11-29T12:21:00.000Z,1,3,5,Others
13657,10,1,15.0,1,2011-11-29T12:32:00.000Z,2011-11-29T12:32:00.000Z,1,3,5,Others
13188,11,1,15.0,1,2011-11-28T15:28:00.000Z,2011-11-28T15:28:00.000Z,1,3,5,Others
13950,11,1,15.0,1,2011-11-28T14:44:00.000Z,2011-11-28T14:44:00.000Z,1,3,5,Others
13389,11,1,15.0,1,2011-11-28T14:01:00.000Z,2011-11-28T14:01:00.000Z,1,3,5,Others
14111,14,1,15.0,1,2011-11-25T13:44:00.000Z,2011-11-25T13:44:00.000Z,1,3,5,Others
15737,14,1,15.0,1,2011-11-25T11:21:00.000Z,2011-11-25T11:21:00.000Z,1,3,5,Others
17034,16,1,15.0,1,2011-11-23T15:14:00.000Z,2011-11-23T15:14:00.000Z,1,3,5,Others
14744,16,1,15.0,1,2011-11-23T12:51:00.000Z,2011-11-23T12:51:00.000Z,1,3,5,Others
16633,17,1,15.0,1,2011-11-22T13:41:00.000Z,2011-11-22T13:41:00.000Z,1,3,5,Others
13516,21,1,15.0,1,2011-11-18T13:15:00.000Z,2011-11-18T13:15:00.000Z,2,3,5,Others
14680,25,1,15.0,1,2011-11-14T16:59:00.000Z,2011-11-14T16:59:00.000Z,2,3,5,Others
13651,35,1,15.0,1,2011-11-04T14:59:00.000Z,2011-11-04T14:59:00.000Z,2,3,5,Others
15676,35,1,15.0,1,2011-11-04T14:19:00.000Z,2011-11-04T14:19:00.000Z,2,3,5,Others
15612,36,1,15.0,1,2011-11-03T14:52:00.000Z,2011-11-03T14:52:00.000Z,2,3,5,Others
16014,37,1,15.0,1,2011-11-02T12:04:00.000Z,2011-11-02T12:04:00.000Z,2,3,5,Others
16969,39,1,15.0,1,2011-10-31T13:12:00.000Z,2011-10-31T13:12:00.000Z,2,3,5,Others
15290,42,1,15.0,1,2011-10-28T12:40:00.000Z,2011-10-28T12:40:00.000Z,3,3,5,Potential
16389,53,1,15.0,1,2011-10-17T14:41:00.000Z,2011-10-17T14:41:00.000Z,3,4,5,Potential
17119,59,1,15.0,1,2011-10-11T11:03:00.000Z,2011-10-11T11:03:00.000Z,3,4,5,Potential
17382,65,1,15.0,1,2011-10-05T13:05:00.000Z,2011-10-05T13:05:00.000Z,3,4,5,Potential
12789,65,1,15.0,1,2011-10-05T13:34:00.000Z,2011-10-05T13:34:00.000Z,3,4,5,Potential
14947,72,1,15.0,1,2011-09-28T15:48:00.000Z,2011-09-28T15:48:00.000Z,3,4,5,Potential
13405,74,1,15.0,1,2011-09-26T17:01:00.000Z,2011-09-26T17:01:00.000Z,3,4,5,Potential
14880,77,1,15.0,1,2011-09-23T13:42:00.000Z,2011-09-23T13:42:00.000Z,3,4,5,Potential
14735,85,1,15.0,1,2011-09-15T12:53:00.000Z,2011-09-15T12:53:00.000Z,3,4,5,Potential
14051,91,1,15.0,1,2011-09-09T10:16:00.000Z,2011-09-09T10:16:00.000Z,3,4,5,Potential
15187,91,1,15.0,1,2011-09-09T10:05:00.000Z,2011-09-09T10:05:00.000Z,4,4,5,Champions
15488,92,1,15.0,1,2011-09-08T10:11:00.000Z,2011-09-08T10:11:00.000Z,4,4,5,Champions
16828,93,1,15.0,1,2011-09-07T15:10:00.000Z,2011-09-07T15:10:00.000Z,4,4,5,Champions
16904,94,1,15.0,1,2011-09-06T12:25:00.000Z,2011-09-06T12:25:00.000Z,4,4,5,Champions
15491,100,1,15.0,1,2011-08-31T10:30:00.000Z,2011-08-31T10:30:00.000Z,4,4,5,Champions
13993,100,1,15.0,1,2011-08-31T12:31:00.000Z,2011-08-31T12:31:00.000Z,4,4,5,Champions
14035,107,1,15.0,1,2011-08-24T13:15:00.000Z,2011-08-24T13:15:00.000Z,4,4,5,Champions
13425,108,1,15.0,1,2011-08-23T17:13:00.000Z,2011-08-23T17:13:00.000Z,4,4,5,Champions
14407,115,1,15.0,1,2011-08-16T10:52:00.000Z,2011-08-16T10:52:00.000Z,4,4,5,Champions
17653,120,1,15.0,1,2011-08-11T15:24:00.000Z,2011-08-11T15:24:00.000Z,4,4,5,Champions
14305,135,1,15.0,1,2011-07-27T14:14:00.000Z,2011-07-27T14:14:00.000Z,4,4,5,Champions
17675,137,1,15.0,1,2011-07-25T12:12:00.000Z,2011-07-25T12:12:00.000Z,4,4,5,Champions
16807,142,1,15.0,1,2011-07-20T12:00:00.000Z,2011-07-20T12:00:00.000Z,4,4,5,Champions
16859,144,1,15.0,1,2011-07-18T12:19:00.000Z,2011-07-18T12:19:00.000Z,4,4,5,Champions
13509,149,1,15.0,1,2011-07-13T10:08:00.000Z,2011-07-13T10:08:00.000Z,4,4,5,Champions
13456,155,1,15.0,1,2011-07-07T13:52:00.000Z,2011-07-07T13:52:00.000Z,4,4,5,Champions
14463,170,1,15.0,1,2011-06-22T10:31:00.000Z,2011-06-22T10:31:00.000Z,4,4,5,Champions
13720,178,1,15.0,1,2011-06-14T14:06:00.000Z,2011-06-14T14:06:00.000Z,4,4,5,Champions
16209,179,1,15.0,1,2011-06-13T13:41:00.000Z,2011-06-13T13:41:00.000Z,4,4,5,Champions
16484,190,1,15.0,1,2011-06-02T10:39:00.000Z,2011-06-02T10:39:00.000Z,4,4,5,Champions
17900,190,1,15.0,1,2011-06-02T14:28:00.000Z,2011-06-02T14:28:00.000Z,4,4,5,Champions
13062,191,1,15.0,1,2011-06-01T15:12:00.000Z,2011-06-01T15:12:00.000Z,4,4,5,Champions
15241,197,1,15.0,1,2011-05-26T16:11:00.000Z,2011-05-26T16:11:00.000Z,4,5,5,Champions
12361,287,1,15.0,1,2011-02-25T13:51:00.000Z,2011-02-25T13:51:00.000Z,5,5,5,Champions
12401,303,1,15.0,1,2011-02-09T13:50:00.000Z,2011-02-09T13:50:00.000Z,5,5,5,Champions
13199,310,1,15.0,1,2011-02-02T14:17:00.000Z,2011-02-02T14:17:00.000Z,5,5,5,Champions
15797,319,1,15.0,1,2011-01-24T15:47:00.000Z,2011-01-24T15:47:00.000Z,5,5,5,Champions
15939,325,1,15.0,1,2011-01-18T15:58:00.000Z,2011-01-18T15:58:00.000Z,5,5,5,Champions
15694,360,1,15.0,1,2010-12-14T09:39:00.000Z,2010-12-14T09:39:00.000Z,5,5,5,Champions
13090,365,1,15.0,1,2010-12-09T16:11:00.000Z,2010-12-09T16:11:00.000Z,5,5,5,Champions
15823,372,1,15.0,1,2010-12-02T15:08:00.000Z,2010-12-02T15:08:00.000Z,5,5,5,Champions
12791,373,1,15.0,1,2010-12-01T11:27:00.000Z,2010-12-01T11:27:00.000Z,5,5,5,Champions
15540,11,1,12.0,2,2011-11-28T13:51:00.000Z,2011-11-28T13:51:00.000Z,1,3,5,Others
13167,67,1,12.0,1,2011-10-03T15:10:00.000Z,2011-10-03T15:10:00.000Z,3,4,5,Potential
17813,71,1,12.0,1,2011-09-29T15:57:00.000Z,2011-09-29T15:57:00.000Z,3,4,5,Potential
12949,252,1,12.0,1,2011-04-01T13:20:00.000Z,2011-04-01T13:20:00.000Z,5,5,5,Champions
16771,275,1,12.0,1,2011-03-09T13:56:00.000Z,2011-03-09T13:56:00.000Z,5,5,5,Champions
14653,40,1,10.0,1,2011-10-30T13:51:00.000Z,2011-10-30T13:51:00.000Z,2,3,5,Others
16235,81,1,10.0,1,2011-09-19T15:04:00.000Z,2011-09-19T15:04:00.000Z,3,4,5,Potential
16210,322,1,10.0,1,2011-01-21T14:51:00.000Z,2011-01-21T14:51:00.000Z,5,5,5,Champions
13149,106,1,6.0,1,2011-08-25T13:40:00.000Z,2011-08-25T13:40:00.000Z,4,4,5,Champions
13162,122,1,6.0,1,2011-08-09T15:59:00.000Z,2011-08-09T15:59:00.000Z,4,4,5,Champions
17392,358,1,6.0,1,2010-12-16T19:04:00.000Z,2010-12-16T19:04:00.000Z,5,5,5,Champions
14543,73,1,5.0,1,2011-09-27T10:26:00.000Z,2011-09-27T10:26:00.000Z,3,4,5,Potential
14578,3,1,4.0,1,2011-12-06T17:18:00.000Z,2011-12-06T17:18:00.000Z,1,3,5,Others
18283,95,1,4.0,1,2011-09-05T12:35:00.000Z,2011-09-05T12:35:00.000Z,4,4,5,Champions
17955,219,1,4.0,1,2011-05-04T12:29:00.000Z,2011-05-04T12:29:00.000Z,4,5,5,Champions
14527,32,1,3.0,1,2011-11-07T12:56:00.000Z,2011-11-07T12:56:00.000Z,2,3,5,Others
13224,60,1,3.0,1,2011-10-10T14:55:00.000Z,2011-10-10T14:55:00.000Z,3,4,5,Potential
13764,70,1,3.0,1,2011-09-30T12:03:00.000Z,2011-09-30T12:03:00.000Z,3,4,5,Potential
17059,110,1,3.0,1,2011-08-21T15:17:00.000Z,2011-08-21T15:17:00.000Z,4,4,5,Champions
15038,187,1,3.0,1,2011-06-05T11:14:00.000Z,2011-06-05T11:14:00.000Z,4,4,5,Champions
17449,234,1,3.0,1,2011-04-19T14:57:00.000Z,2011-04-19T14:57:00.000Z,5,5,5,Champions
13684,285,1,3.0,1,2011-02-27T10:13:00.000Z,2011-02-27T10:13:00.000Z,5,5,5,Champions
16049,75,1,2.0,1,2011-09-25T14:33:00.000Z,2011-09-25T14:33:00.000Z,3,4,5,Potential
13708,271,1,2.0,1,2011-03-13T13:46:00.000Z,2011-03-13T13:46:00.000Z,5,5,5,Champions
12828,2,1,1.0,1,2011-12-07T08:45:00.000Z,2011-12-07T08:45:00.000Z,1,3,5,Others
13991,12,1,1.0,1,2011-11-27T16:02:00.000Z,2011-11-27T16:02:00.000Z,1,3,5,Others
16454,44,1,1.0,1,2011-10-26T11:40:00.000Z,2011-10-26T11:40:00.000Z,3,3,5,Potential
17105,159,1,1.0,1,2011-07-03T15:53:00.000Z,2011-07-03T15:53:00.000Z,4,4,5,Champions
17800,161,1,1.0,1,2011-07-01T10:58:00.000Z,2011-07-01T10:58:00.000Z,4,4,5,Champions
15796,215,1,1.0,1,2011-05-08T11:13:00.000Z,2011-05-08T11:13:00.000Z,4,5,5,Champions
13184,252,1,1.0,1,2011-04-01T12:24:00.000Z,2011-04-01T12:24:00.000Z,5,5,5,Champions
